Diagnosis.accuracy,Diagnosis.checklist,Diagnosis.composite_score,Diagnosis.dimensions,Diagnosis.judgment,Diagnosis.reasoning,Diagnosis.submission,Diagnosis.success,TTL,attempt,blocked_requests,comparable,deployment_profile,internet_access,judge_backend,observability_provider,phase.cleanup.duration_s,phase.deploy.duration_s,phase.evaluate:diagnosis.duration_s,phase.fix_kubernetes.duration_s,phase.inject_fault.duration_s,phase.observability_delivery.duration_s,phase.observability_prepare.duration_s,phase.observability_readiness.duration_s,phase.stage:diagnosis.duration_s,phase.stage:diagnosis.outcome,phase.undeploy_leftovers.duration_s,problem_id,run_status
0.0,"[{'id': 'D1-Q1', 'answer': 'No', 'evidence': 'The ground truth identifies deployment/jaeger in namespace social-network, while the diagnosis focuses on otel-collector DNS resolution and application emitters.', 'confidence': 'High'}, {'id': 'D1-Q2', 'answer': 'No', 'evidence': 'The diagnosis attributes the symptom to downstream collector hostname resolution and tracing-path failures rather than the Jaeger deployment as the fault origin.', 'confidence': 'High'}, {'id': 'D1-Q3', 'answer': 'No', 'evidence': 'It points to an unresolved otel-collector infrastructure issue and multiple application emitters instead of identifying deployment/jaeger.', 'confidence': 'High'}, {'id': 'D2-Q1', 'answer': 'No', 'evidence': 'The ground-truth mechanism is multiple replicas sharing one ReadWriteOnce PVC with hostname anti-affinity; the diagnosis instead claims DNS resolution failures.', 'confidence': 'High'}, {'id': 'D2-Q2', 'answer': 'No', 'evidence': 'The diagnosis provides `otel-collector:4317` and DNS errors, but not the mutated Jaeger replica, PVC, access mode, or anti-affinity details.', 'confidence': 'High'}, {'id': 'D2-Q3', 'answer': 'No', 'evidence': 'It attributes the fault to DNS/service discovery and OTLP unavailability, conflicting with the storage and replica-placement mechanism in the ground truth.', 'confidence': 'High'}, {'id': 'D3-Q1', 'answer': 'No', 'evidence': 'The diagnosis broadly attributes the issue to multiple Social Network services and the collector path, rather than limiting the origin to deployment/jaeger.', 'confidence': 'High'}, {'id': 'D3-Q2', 'answer': 'No', 'evidence': 'The diagnosis does not mention deployment/jaeger, the ground-truth contributing component, or its partially Ready state.', 'confidence': 'High'}, {'id': 'D3-Q3', 'answer': 'No', 'evidence': 'It reports OTLP DNS export failures with healthy application requests, whereas the ground truth describes one replica Pending and the deployment partially Ready.', 'confidence': 'High'}]",0.0,"{'D1': {'name': 'Fault Localization', 'score': 0.0}, 'D2': {'name': 'Fault Characterization', 'score': 0.0}, 'D3': {'name': 'Scope Precision', 'score': 0.0}}",False,"Verdict: False (composite=0.00). D1 Fault Localization: 0.00 | D2 Fault Characterization: 0.00 | D3 Scope Precision: 0.00. Weakest dimension: Fault Localization (0.00). Checklist details: [{""id"": ""D1-Q1"", ""answer"": ""No"", ""evidence"": ""The ground truth identifies deployment/jaeger in namespace social-network, while the diagnosis focuses on otel-collector DNS resolution and application emitters."", ""confidence"": ""High""}, {""id"": ""D1-Q2"", ""answer"": ""No"", ""evidence"": ""The diagnosis attributes the symptom to downstream collector hostname resolution and tracing-path failures rather than the Jaeger deployment as the fault origin."", ""confidence"": ""High""}, {""id"": ""D1-Q3"", ""answer"": ""No"", ""evidence"": ""It points to an unresolved otel-collector infrastructure issue and multiple application emitters instead of identifying deployment/jaeger."", ""confidence"": ""High""}, {""id"": ""D2-Q1"", ""answer"": ""No"", ""evidence"": ""The ground-truth mechanism is multiple replicas sharing one ReadWriteOnce PVC with hostname anti-affinity; the diagnosis instead claims DNS resolution failures."", ""confidence"": ""High""}, {""id"": ""D2-Q2"", ""answer"": ""No"", ""evidence"": ""The diagnosis provides `otel-collector:4317` and DNS errors, but not the mutated Jaeger replica, PVC, access mode, or anti-affinity details."", ""confidence"": ""High""}, {""id"": ""D2-Q3"", ""answer"": ""No"", ""evidence"": ""It attributes the fault to DNS/service discovery and OTLP unavailability, conflicting with the storage and replica-placement mechanism in the ground truth."", ""confidence"": ""High""}, {""id"": ""D3-Q1"", ""answer"": ""No"", ""evidence"": ""The diagnosis broadly attributes the issue to multiple Social Network services and the collector path, rather than limiting the origin to deployment/jaeger."", ""confidence"": ""High""}, {""id"": ""D3-Q2"", ""answer"": ""No"", ""evidence"": ""The diagnosis does not mention deployment/jaeger, the ground-truth contributing component, or its partially Ready state."", ""confidence"": ""High""}, {""id"": ""D3-Q3"", ""answer"": ""No"", ""evidence"": ""It reports OTLP DNS export failures with healthy application requests, whereas the ground truth describes one replica Pending and the deployment partially Ready."", ""confidence"": ""High""}]","> **Root cause:** Multiple Social Network services lost OTLP trace-export availability when DNS resolution of `otel-collector:4317` returned name-not-found or no-AAAA-data errors, causing trace exports to fail with `UNAVAILABLE`. The underlying infrastructure change that made the collector name unresolvable is not identified.

**Status:** likely cause

**Confidence:** medium

**Why this conclusion:** Within the requested window, logs recorded 6,008 OTLP exporter failures caused by DNS resolution failure for `otel-collector:4317`, plus 354 additional no-AAAA-data failures. The errors occurred across multiple application emitters, which supports a shared tracing-path failure rather than a fault in one microservice. In contrast, all 12 discovered services reported healthy RED metrics with zero request errors, weakening the hypothesis that application processing caused the tracing-availability symptom.

**Impact:** Tracing availability was reduced across the Social Network tracing path. The bounded trace search returned 279 traces with uneven service participation; `social-graph-service` appeared in only 3 traces. Application request health remained nominal: 12 services, zero recorded errors.

**Problem period:** 2026-09-28T21:52:52.706377Z–2026-09-28T21:55:25.748907Z; onset established at 2026-09-28T21:52:58.387000Z; recovery not observed within the requested window; disposition: likely cause

**Caveat:** The collector’s underlying failure—such as a missing Kubernetes Service, missing endpoints, or a cluster-DNS/service-discovery change—was not established. Deployment-history checks timed out, and the bounded Kubernetes-event search returned no matching events; neither result proves that no underlying change occurred.

**Next check:** Inspect the `otel-collector` Kubernetes Service, endpoints, and DNS state during 2026-09-28T21:52:58.387000Z–2026-09-28T21:55:25.748907Z to identify why the collector hostname became unresolvable.",False,629.7636528015137,1,0,False,svelte,filtered,api,splunk,93.204,125.563,6.381,2.105,6.261,66.694,22.709,146.688,770.07,submitted,0.066,duplicate_pvc_mounts_social_network,complete
